index,url,normal_kb,pocket_kb,savings_pct,time_2g_normal_sec,time_2g_pocket_sec
1,https://g1.globo.com,2832.2,24.9,99.1,453.2,4.0
2,https://www.uol.com.br,1444.5,68.1,95.3,231.1,10.9
3,https://www.cnnbrasil.com.br,1292.2,42.4,96.7,206.8,6.8
4,https://www.bbc.com/portuguese,937.3,33.3,96.4,150.0,5.3
5,https://www.folha.uol.com.br,1342.4,48.1,96.4,214.8,7.7
6,https://www.estadao.com.br,3123.9,44.0,98.6,499.8,7.0
7,https://www.r7.com,6234.1,80.0,98.7,997.5,12.8
8,https://www.terra.com.br,2607.2,17.0,99.3,417.2,2.7
9,https://noticias.uol.com.br,2160.0,71.3,96.7,345.6,11.4
10,https://ge.globo.com,3036.5,29.3,99.0,485.8,4.7
11,https://oglobo.globo.com,2768.9,77.8,97.2,443.0,12.4
12,https://www.metropoles.com,3173.2,56.6,98.2,507.7,9.1
13,https://www.poder360.com.br,823.6,33.8,95.9,131.8,5.4
14,https://www.gazetadopovo.com.br,1915.8,24.0,98.7,306.5,3.8
15,https://www.bbc.com/news,1315.5,18.7,98.6,210.5,3.0
16,https://edition.cnn.com,15970.7,235.1,98.5,2555.3,37.6
17,https://www.theguardian.com/internatio,3867.0,122.2,96.8,618.7,19.6
18,https://www.nytimes.com,3.2,0.2,93.8,0.5,0.0
19,https://www.reuters.com,1858.5,39.7,97.9,297.4,6.4
20,https://elpais.com/america,614.3,56.8,90.8,98.3,9.1
21,https://www.lemonde.fr,2445.8,78.6,96.8,391.3,12.6
22,https://www.aljazeera.com,1821.9,14.3,99.2,291.5,2.3
23,https://dw.com/pt-br,579.0,13.1,97.7,92.6,2.1
24,https://www.bloomberg.com,30.2,2.0,93.4,4.8,0.3
25,https://www.forbes.com,2022.5,80.4,96.0,323.6,12.9
26,https://pt.wikipedia.org/wiki/Primeiro,725.8,40.9,94.4,116.1,6.5
27,https://pt.wikipedia.org/wiki/Brasil,6487.2,319.8,95.1,1038.0,51.2
28,https://pt.wikipedia.org/wiki/Sa%C3%BA,472.4,31.7,93.3,75.6,5.1
29,https://pt.wikipedia.org/wiki/Crise_cl,1200.5,70.4,94.1,192.1,11.3
30,https://pt.wikipedia.org/wiki/Dengue,1635.1,96.1,94.1,261.6,15.4
31,https://en.wikipedia.org/wiki/Main_Pag,506.5,46.9,90.7,81.0,7.5
32,https://en.wikipedia.org/wiki/Emergenc,1860.4,97.4,94.8,297.7,15.6
33,https://en.wikipedia.org/wiki/Water_pu,1266.1,77.4,93.9,202.6,12.4
34,https://www.britannica.com,2312.8,20.6,99.1,370.0,3.3
35,https://pt.wikihow.com/Tratar-uma-Quei,598.8,37.6,93.7,95.8,6.0
36,https://pt.wikihow.com/Purificar-%C3%8,1363.1,53.6,96.1,218.1,8.6
37,https://www.scielo.br,1682.2,8.9,99.5,269.2,1.4
38,https://brasilescola.uol.com.br,1150.1,15.2,98.7,184.0,2.4
39,https://mundoeducacao.uol.com.br,762.3,8.0,99.0,122.0,1.3
40,https://www.todamateria.com.br,1482.2,73.5,95.0,237.2,11.8
41,https://www.stoodi.com.br,1893.5,15.5,99.2,303.0,2.5
42,https://www.w3schools.com,1010.2,43.3,95.7,161.6,6.9
43,https://developer.mozilla.org/pt-BR/,347.3,8.3,97.6,55.6,1.3
44,https://stackoverflow.com,11.3,0.8,92.9,1.8,0.1
45,https://arxiv.org,191.8,6.6,96.6,30.7,1.1
46,https://www.gov.br,4916.3,17.4,99.6,786.6,2.8
47,https://www.gov.br/saude/pt-br,3336.5,20.5,99.4,533.8,3.3
48,https://www.gov.br/receitafederal/pt-b,8343.5,32.5,99.6,1335.0,5.2
49,https://www.ibge.gov.br,874.7,24.6,97.2,140.0,3.9
50,https://portal.fiocruz.br,3728.4,43.7,98.8,596.5,7.0
51,https://www.who.int,2422.9,19.4,99.2,387.7,3.1
52,https://www.un.org,1178.8,2.0,99.8,188.6,0.3
53,https://www.climatempo.com.br,2865.2,18.9,99.3,458.4,3.0
54,https://portal.inmet.gov.br,1983.9,6.7,99.7,317.4,1.1
55,https://www.inpe.br,1120.4,18.2,98.4,179.3,2.9
56,https://www.defesacivil.sp.gov.br,8039.0,12.2,99.8,1286.2,2.0
57,https://www.icrc.org/pt,1650.0,21.4,98.7,264.0,3.4
58,https://www.msf.org.br,7547.1,40.9,99.5,1207.5,6.5
59,https://www.icrc.org/pt,21.0,1.5,92.9,3.4,0.2
60,https://www.unicef.org/brazil/,18798.7,18.4,99.9,3007.8,2.9
61,https://github.com,2263.4,25.1,98.9,362.1,4.0
62,https://news.ycombinator.com,72.9,5.4,92.6,11.7,0.9
63,https://dev.to,460.2,22.2,95.2,73.6,3.6
64,https://techcrunch.com,2152.0,47.4,97.8,344.3,7.6
65,https://www.theverge.com,2265.5,43.1,98.1,362.5,6.9
66,https://arstechnica.com,20.6,2.1,89.8,3.3,0.3
67,https://www.wired.com,17819.8,65.7,99.6,2851.2,10.5
68,https://www.engadget.com,2.0,0.6,70.0,0.3,0.1
69,https://tecnoblog.net,2115.6,30.6,98.6,338.5,4.9
70,https://canaltech.com.br,669.6,17.2,97.4,107.1,2.8
71,https://olhardigital.com.br,314.9,23.3,92.6,50.4,3.7
72,https://meiobit.com,3127.8,12.5,99.6,500.4,2.0
73,https://manualdousuario.net,190.0,11.4,94.0,30.4,1.8
74,https://distrowatch.com,0.5,0.2,60.0,0.1,0.0
75,https://kernel.org,43.5,2.6,94.0,7.0,0.4
76,https://python.org,593.7,10.0,98.3,95.0,1.6
77,https://go.dev,623.3,8.5,98.6,99.7,1.4
78,https://rust-lang.org,39.6,4.3,89.1,6.3,0.7
79,https://nodejs.org,1457.2,5.5,99.6,233.2,0.9
80,https://www.apache.org,1159.1,7.4,99.4,185.5,1.2
81,https://www.infomoney.com.br,2018.8,82.8,95.9,323.0,13.2
82,https://valor.globo.com,4993.2,67.2,98.7,798.9,10.8
83,https://investnews.com.br,1948.7,19.5,99.0,311.8,3.1
84,https://br.investing.com,0.3,0.1,66.7,0.0,0.0
85,https://finance.yahoo.com,2837.7,40.6,98.6,454.0,6.5
86,https://exame.com,1483.7,20.1,98.6,237.4,3.2
87,https://epocanegocios.globo.com,1873.8,50.7,97.3,299.8,8.1
88,https://www.moneytimes.com.br,2046.5,17.3,99.2,327.4,2.8
89,https://suno.com.br,947.6,18.0,98.1,151.6,2.9
90,https://statusinvest.com.br,1870.6,34.8,98.1,299.3,5.6
91,https://medium.com,396.3,6.8,98.3,63.4,1.1
92,https://www.reddit.com/r/brasil,251.9,9.4,96.3,40.3,1.5
93,https://www.reddit.com/r/technology,1495.8,81.2,94.6,239.3,13.0
94,https://slashdot.org,182.8,35.1,80.8,29.2,5.6
95,https://krebsonsecurity.com,179.2,27.7,84.5,28.7,4.4
96,https://arstechnica.com/science/,20.6,2.1,89.8,3.3,0.3
97,https://nature.com,648.7,19.4,97.0,103.8,3.1
98,https://scientificamerican.com,1517.9,19.4,98.7,242.9,3.1
99,https://nationalgeographic.com,1644.9,19.5,98.8,263.2,3.1
100,https://www.worldwildlife.org,817.2,17.3,97.9,130.8,2.8
